year,source_full_mark,level,source_score,displayed_percent,source_estimated
2026,179,5**,167,93,False
2026,179,5*,156,87,False
2026,179,5,142,79,False
2026,179,4,109,61,False
2026,179,3,85,47,False
2026,179,2,68,38,False
2025,187,5**,168,90,False
2025,187,5*,161,86,False
2025,187,5,142,76,False
2025,187,4,109,58,False
2025,187,3,100,53,False
2025,187,2,73,39,True
2024,180,5**,168,93,False
2024,180,5*,157,87,False
2024,180,5,141,78,False
2024,180,4,108,60,False
2024,180,3,94,52,False
2024,180,2,68,38,True
2023,171,5**,162,95,False
2023,171,5*,154,90,False
2023,171,5,144,84,False
2023,171,4,111,65,False
2023,171,3,96,56,True
2023,171,2,70,41,True
2022,166,5**,158,95,False
2022,166,5*,152,92,False
2022,166,5,144,87,False
2022,166,4,121,73,False
2022,166,3,104,63,False
2022,166,2,75,45,True
2021,178,5**,164,92,False
2021,178,5*,160,90,False
2021,178,5,143,80,False
2021,178,4,133,75,False
2021,178,3,105,59,False
2021,178,2,77,43,False
2020,174,5**,162,93,False
2020,174,5*,155,89,False
2020,174,5,143,82,False
2020,174,4,119,68,False
2020,174,3,104,60,False
2020,174,2,75,43,False
2019,182,5**,165,91,False
2019,182,5*,156,86,False
2019,182,5,143,79,False
2019,182,4,118,65,False
2019,182,3,104,57,False
2019,182,2,75,41,False
2018,183,5**,167,91,False
2018,183,5*,158,86,False
2018,183,5,145,79,False
2018,183,4,119,65,False
2018,183,3,108,59,False
2018,183,2,75,41,False
2017,180,5**,166,92,False
2017,180,5*,158,88,False
2017,180,5,150,83,False
2017,180,4,126,70,False
2017,180,3,108,60,False
2017,180,2,76,42,False
2016,182,5**,166,91,False
2016,182,5*,160,88,False
2016,182,5,144,79,False
2016,182,4,117,64,False
2016,182,3,104,57,False
2016,182,2,71,39,False
2015,187,5**,170,91,False
2015,187,5*,165,88,False
2015,187,5,151,81,False
2015,187,4,122,65,False
2015,187,3,108,58,False
2015,187,2,75,40,False
2014,176,5**,164,93,False
2014,176,5*,157,89,False
2014,176,5,145,82,False
2014,176,4,116,66,False
2014,176,3,115,65,False
2014,176,2,77,44,False
2013,191,5**,171,90,False
2013,191,5*,159,83,False
2013,191,5,149,78,False
2013,191,4,130,68,False
2013,191,3,106,55,False
2013,191,2,72,38,False
2012,179,5**,167,93,False
2012,179,5*,160,89,False
2012,179,5,151,84,False
2012,179,4,128,72,False
2012,179,3,114,64,True
2012,179,2,78,44,True
